<?xml version="1.0" encoding="UTF-8"?>
<ti:module xmlns:ti="http://ti.appcelerator.org" xmlns:android="http://schemas.android.com/apk/res/android">
	<!--
	Similar to tiapp.xml, but contains module/platform specific
	configuration in <iphone>, <android>, and <mobileweb> sections
	-->
	<iphone></iphone>
	<android xmlns:android="http://schemas.android.com/apk/res/android">
		<manifest android:versionCode="1" android:versionName="1.0" package="google.geofence">
			<uses-sdk android:minSdkVersion="14" android:targetSdkVersion="22"/>
			<uses-permission android:name="android.permission.ACCESS_COARSE_LOCATION" />
			<uses-permission android:name="android.permission.ACCESS_NETWORK_STATE" />
			<uses-permission android:name="android.permission.ACCESS_FINE_LOCATION" />
			<uses-permission android:name="android.permission.GET_ACCOUNTS"/>
			<uses-permission android:name="android.permission.WAKE_LOCK"/>
			<uses-permission android:name="com.google.android.c2dm.permission.RECEIVE"/>
			<application>
				<service
				android:name="google.geofence.GeofenceTransitionsIntentService"
				android:exported="true" />
				<meta-data
				android:name="com.google.android.gms.version"
				android:value="7571000"/>
			</application>
		</manifest>
	</android>
	<mobileweb></mobileweb>
</ti:module>
